{
  "cacheBootResources": true,
  "config": [
    "appsettings.json"
  ],
  "debugBuild": false,
  "entryAssembly": "BlazorApp1.Client",
  "icuDataMode": 1,
  "linkerEnabled": true,
  "resources": {
    "assembly": {
      "Azure.Core.dll": "sha256-n99lo2Sb2Qmi7GGC7Veocf+M704XRp8f+PBXlpt9W8w=",
      "Azure.Identity.dll": "sha256-\/CphBnWxgDF2cG5+\/\/jGJC2gguTfTv47O\/N9ZeR2U10=",
      "BlazorApp1.Client.dll": "sha256-dXmyGNgjoxM6tgxGBqg9D0w2hViONV4P6L3\/P+ylDEI=",
      "BlazorApp1.Shared.dll": "sha256-QBwu6\/uwv4XyHQd\/RyVKJPiA+9DWUvA8WzBhTj1wBsY=",
      "BlazorBootstrap.dll": "sha256-MPyWYLMwltK1JVbSjGaIrQc\/dy001PVQahy4U3C3gg0=",
      "Blazored.LocalStorage.dll": "sha256-xcO4wZtFwM5I9DIZf1sZpOdcsaTjw1HyqJ5AWciMDAk=",
      "Blazored.Toast.dll": "sha256-Ku8s2WzN4+bWKOg5ulzREN\/aRT7mn4CEWtJqMpkUU6M=",
      "CurrieTechnologies.Razor.SweetAlert2.dll": "sha256-V4rclcTTvKIxhV67DRYtyzbs1LpoTdX6US3I0ioqUNs=",
      "Microsoft.AspNetCore.Authorization.dll": "sha256-hqxXPRf\/yDHdDH2vLJ41mJMxlmtoleXMtBVyjGxhjig=",
      "Microsoft.AspNetCore.Components.Authorization.dll": "sha256-525UPKwIEavaFJDkgNd2KV2yUFj8Ar8f4nkrsBxBmbg=",
      "Microsoft.AspNetCore.Components.dll": "sha256-yQQgOJNXcLSmoxSa55QAkmb6bkusqWlnaLBPWU7mpbg=",
      "Microsoft.AspNetCore.Components.Forms.dll": "sha256-oxSEATeueToIKX7ZU9EMB12spPy1g0\/B7P0QFpWJRpk=",
      "Microsoft.AspNetCore.Components.Web.dll": "sha256-W\/0XJKlp6XBNQ2qq1GVO1a6uYJkU25sInQjCqyN9hXI=",
      "Microsoft.AspNetCore.Components.WebAssembly.dll": "sha256-FJK41H1ZPxTY\/lo\/R64e0SYFjz7XOqW4X8+GtCxN+OY=",
      "Microsoft.AspNetCore.Connections.Abstractions.dll": "sha256-CBpBlgModzPGykbxhLlqZCv4C08nZj6UaWZSOmTOQnw=",
      "Microsoft.AspNetCore.Http.Connections.Client.dll": "sha256-fXwcHm7Kqz\/w4IwyMspHGTjdMjFERK2vbfhCZA1euqo=",
      "Microsoft.AspNetCore.Http.Connections.Common.dll": "sha256-36OFkAVfMo5oRPay\/OtDuOrg7imDEyw+570zVYLYijo=",
      "Microsoft.AspNetCore.Identity.EntityFrameworkCore.dll": "sha256-HaqMMCXN8QG9de2vmfm2p3k7gqYLGRY9YayzE5ale0U=",
      "Microsoft.AspNetCore.Metadata.dll": "sha256-MeyHvq4bWGDvTLUHScuSLKumFjtRW89wkwtIgtvPrHQ=",
      "Microsoft.AspNetCore.SignalR.Client.Core.dll": "sha256-64BLN8nAgcaHoshpu2TUPLlW0J1WzVstXTqAd7rOWL0=",
      "Microsoft.AspNetCore.SignalR.Client.dll": "sha256-imwwdFBm7UZeQUnXTL2DQc42IVKO5Jm\/VtUB01sSQ2I=",
      "Microsoft.AspNetCore.SignalR.Common.dll": "sha256-6LFjbYzOJn3CBTG8i38EL5XNVUOzY89\/98TdVWdBwTA=",
      "Microsoft.AspNetCore.SignalR.Protocols.Json.dll": "sha256-\/XucJIPyOWO21zo1KoovjRW5se5yzbtAOdnZFIlRj8c=",
      "Microsoft.Bcl.AsyncInterfaces.dll": "sha256-EcDo\/GQZkQrOT1Xd0jMPE3NwT5lsMq5DNsPxHVidLDQ=",
      "Microsoft.CSharp.dll": "sha256-Vjn5BvP2SW9PRfT3H61axyZK29fnYG7eC2JIjiO1GNQ=",
      "Microsoft.Data.SqlClient.dll": "sha256-LPW7eubZiXWWbD\/EfYYzwwSN++oAzJ0ulSw8zzc5Blw=",
      "Microsoft.EntityFrameworkCore.Abstractions.dll": "sha256-wk7w5r083pd1j6eFB+X\/RtEnikBo11T6+fybzpWHbBY=",
      "Microsoft.EntityFrameworkCore.dll": "sha256-kXhHflGmPwQ2Qxqq9SWZl3s2wZ4xf\/TvjYz3bNHMVlk=",
      "Microsoft.EntityFrameworkCore.Relational.dll": "sha256-ZubpRbuIfJ7akmZnyncaInCh1zyc7WK0AqtO+CPUKXc=",
      "Microsoft.EntityFrameworkCore.SqlServer.dll": "sha256-cJLcwsMk4zWyWbdP7VpBOyqXsy\/5i4GAKGDBxuboRL8=",
      "Microsoft.Extensions.Caching.Abstractions.dll": "sha256-\/tyh7egiLu4KQjrHRnA0T3Wf0LSy8QEURfDayYx6pqw=",
      "Microsoft.Extensions.Caching.Memory.dll": "sha256-QZIKlRjOdYM7YvXcguu\/Y26OSDhAew\/L\/JLQLq8NLBk=",
      "Microsoft.Extensions.Configuration.Abstractions.dll": "sha256-ubjGJu8flhd0sM9Rcrsf04KIJNwbepuinI3a1NQbohk=",
      "Microsoft.Extensions.Configuration.dll": "sha256-b\/96XU8yxPPBdAnMjHphsES7UWuWmAhDYKAAM65JkM4=",
      "Microsoft.Extensions.Configuration.Json.dll": "sha256-jpHqhJKCZJDaArjbZDBiFBLqpxgMuvK13\/U7cslEqrI=",
      "Microsoft.Extensions.DependencyInjection.Abstractions.dll": "sha256-XsDqaEhwbvkWMloJoSmhVO4enc9OObn1ybxeEUPoV2s=",
      "Microsoft.Extensions.DependencyInjection.dll": "sha256-2x4ZaTzwgSMeasoECnDL6Bbb31Co3JUpHZ4E3WWK9O4=",
      "Microsoft.Extensions.Features.dll": "sha256-vFrq5oVjjXMR\/nEeiPl0vDGSKpkE6TNmDw8Ou8mc19s=",
      "Microsoft.Extensions.Http.dll": "sha256-qCBV5Y7b3Ji\/39AMo+S3Uz0c5OJLgQSN0aZU+Paghlo=",
      "Microsoft.Extensions.Identity.Core.dll": "sha256-aWN2YMMPXv++5Y0Z8uhq0luk99vFoj5Hb8cL8JAnxxo=",
      "Microsoft.Extensions.Identity.Stores.dll": "sha256-WAdILhXUVgwfuK9SJCr\/Vyj2tTcnMn7bsFga4T2aXeM=",
      "Microsoft.Extensions.Logging.Abstractions.dll": "sha256-jXoAxqLoP66luHUYZzgRhjS4pxiNn5CTH7USyJWZ4eA=",
      "Microsoft.Extensions.Logging.dll": "sha256-7yd5RkbVTyxI25tY9CTMw5xwAZPbi8ZhYN6HDLhNaa4=",
      "Microsoft.Extensions.Options.dll": "sha256-t1GhR2uSyNKA+sZlfvaRu5NHHwhvErim7gF5p7Ive5I=",
      "Microsoft.Extensions.Primitives.dll": "sha256-37sOT2q\/DrdnyQETx\/pIpFbZORyL6Pjj8o9+QO4+G1c=",
      "Microsoft.Identity.Client.dll": "sha256-pze0RLMkzsvjt2DQBb\/M9+GusvqYV+r3XZw13ImY90o=",
      "Microsoft.Identity.Client.Extensions.Msal.dll": "sha256-9GighthSc+P+ICZaeZewS1vstvxnZkRc41uAbJ3Y8X8=",
      "Microsoft.IdentityModel.Abstractions.dll": "sha256-3WemgGUHBfeEESs3eJvhP5gKAtZnsiYLB021k1fVatc=",
      "Microsoft.IdentityModel.JsonWebTokens.dll": "sha256-WCd0VRIlibOcIOlPQD\/KfTq89UiL2dhwKsddA3cPSfg=",
      "Microsoft.IdentityModel.Logging.dll": "sha256-akNEMu6noJyJJ5WzG+ctzXl+Fxq+fjWk7gR7sDsOrAk=",
      "Microsoft.IdentityModel.Protocols.dll": "sha256-rB+YebcHem+piT2rks1697IPL3YamDlB0tGEkSuCaQg=",
      "Microsoft.IdentityModel.Protocols.OpenIdConnect.dll": "sha256-A09D\/snKEP99KWQLLafdIYhQWFgn7aq9lzf65K9YJSA=",
      "Microsoft.IdentityModel.Tokens.dll": "sha256-kp3RX0pYkw8h7J65VgB3U0juY6BZ9lR6dIYH7edSGkw=",
      "Microsoft.JSInterop.dll": "sha256-3AxK1Zd653yoc80BxCttXHNRLUihlow4zsJfLa5BET8=",
      "Microsoft.JSInterop.WebAssembly.dll": "sha256-CKhGeH59FiIMkbUFxlTjyfSAJ9+Pepb+yd7NJeAgaQ8=",
      "Microsoft.SqlServer.Server.dll": "sha256-qdyhtCvIdflmt4ssCIDmK4OPDtZWcWbX8fB65LduxL8=",
      "mscorlib.dll": "sha256-8EXY07hyBDLRsh6sTPMT85d7nV9+xDUTj1TVKb0wslY=",
      "netstandard.dll": "sha256-eP6xbi\/4RwqEI8B0ULf7BXGD2WHGR9uUA7RNp+O8oiA=",
      "Newtonsoft.Json.dll": "sha256-IsZJ91\/OW+fHzNqIgEc7Y072ns8z9dGritiSyvR9Wgc=",
      "PdfiumViewer.dll": "sha256-ZfH8v0qDbPN6DoyjK63A+4G5OHAUzhQcwF5dpxFIa6g=",
      "System.Buffers.dll": "sha256-zzVeXSv3Z9hjNEz5HsnGsKQ0RLRV1TjRR1g1k+zoZM0=",
      "System.Collections.Concurrent.dll": "sha256-bbckGQ1qQ8ofZ\/ycJGElTfP9PeLaRiiSQGkvzo1T3hk=",
      "System.Collections.dll": "sha256-0wrSZobEN+TQy4+QrWw1cxvxsw28OIQg+G2dBuzIzoY=",
      "System.Collections.Immutable.dll": "sha256-1EruluHcZ9JRAwe6rE63sQ7842LG79u75RgxWdaCc00=",
      "System.Collections.NonGeneric.dll": "sha256-A25zZ1k0qND7TndCJZpyMrbeawc2dYUJJEyZYpmftYo=",
      "System.Collections.Specialized.dll": "sha256-6uCr6BdJWakQSeK1j\/TBZXzQ09J8C49WUH4ikyAU6e0=",
      "System.ComponentModel.Annotations.dll": "sha256-hR05LfQD9Ii7dW6z7YHdL5QskovjM2XqT3vqWfGE+4s=",
      "System.ComponentModel.dll": "sha256-yl78rOxreZL6xguI3ZX\/ga+aQhc4JEEK0Mo8Vm9CwfE=",
      "System.ComponentModel.Primitives.dll": "sha256-phZD4Jjx99RbNZwmUMkvZ6otmIeoGGZUT4FGQum\/ddI=",
      "System.ComponentModel.TypeConverter.dll": "sha256-ob4NLbcvVmwrXYih5Ip9ehI+q2u6l8AsKL0BZ4hLR3w=",
      "System.Configuration.ConfigurationManager.dll": "sha256-0nS91x919QBfyuwCiSH3HYnLbWIgItdNLgeJejodFBo=",
      "System.Console.dll": "sha256-T8sLfpu6Eh+Feo4b7t3Esg\/gD9yqCGJI2J9F5kyyCk4=",
      "System.Data.Common.dll": "sha256-Ht+AG69aUf+c430W4Uy18fEoFgwIeYpvv7w\/Iz8NrFk=",
      "System.Diagnostics.DiagnosticSource.dll": "sha256-qAYr0dmtSSCGDNIhRwS1Us\/pgC1jTSJaLucotUvh7jg=",
      "System.Diagnostics.Process.dll": "sha256-wp4HYE9TEJH7IbPyd+rYEgeibTy+nni4xqJZNLdjxew=",
      "System.Diagnostics.TraceSource.dll": "sha256-\/W4OVsQXQIIxjEzlH\/MiBX9oV+tLFABKj5i6+72wq6s=",
      "System.Diagnostics.Tracing.dll": "sha256-wEMo929ATa4xB3yvcMbbTNVzUnpjIX9uBBr2nqsEZ4c=",
      "System.dll": "sha256-FahMXTW9mAhS\/WjP2\/GDFXZmg\/3AfeB3T3NjFREzH6c=",
      "System.Drawing.Common.dll": "sha256-aP+y7N7hXEEp8EFyjrd+pYeJJ1RpKiJcyaN0WfY2eRg=",
      "System.Drawing.dll": "sha256-l9S1TG1UBT\/8Sb3l2Lgy20CbaCjQjneKhQ+W+l8GBdo=",
      "System.Drawing.Primitives.dll": "sha256-cgjos+qt1SHtghux+eMiTuNy4JuoOT5lTU2YBOALD2U=",
      "System.Formats.Asn1.dll": "sha256-nPnYmT04nWgdfU2mtZZQms3cOVzWFutLtWn0sQJ5AE0=",
      "System.IdentityModel.Tokens.Jwt.dll": "sha256-F31MLSpYke+DTEaZCqdrge16GY9w14Ip9zdMBwa6AWY=",
      "System.IO.Compression.dll": "sha256-RVqQ9HmBJwWYlKKdJ4H7a9ZXOy9QxmR9TOkFhfiJ42c=",
      "System.IO.FileSystem.AccessControl.dll": "sha256-PtubT3QifjjpPJitIw1H8KR6GagRgt\/PtCK9Rnw55tE=",
      "System.IO.FileSystem.Watcher.dll": "sha256-vogJxVWH0ZS4fC44MHYBqb2H9h5lKhHbm8Nfnmw5aO8=",
      "System.IO.Pipelines.dll": "sha256-64ltqj3cKKT7s4c5GVvRbvuXh4MOdD692bh4tjoL5tQ=",
      "System.Linq.dll": "sha256-oL6BjBrQ6J3QSke0CZwyK0J3P1AbdpzBkk+tuo\/zTf8=",
      "System.Linq.Expressions.dll": "sha256-fYH9ArtP\/4m\/HTCgzrJtp8jMvuCzIGNntxFboNFamJg=",
      "System.Linq.Queryable.dll": "sha256-NbKh6b5CrdB352pPXJPp0mSi4y5GAzdnAvddNSFMvBc=",
      "System.Memory.Data.dll": "sha256-KTyl2GNY+yzgDaAsY+78s0Ron8DGNrYcl8PxsVqAqlE=",
      "System.Memory.dll": "sha256-HiXgIqaufxfNvfrupVKDWa6eHACCnGUIwyxalUGb9tA=",
      "System.Net.Http.dll": "sha256-PNMSfJU+Ocva+r11LMdffqRiK7e3CygyIaFMc3Yv46Q=",
      "System.Net.Http.Json.dll": "sha256-PAf3o\/ylrgAiZHF0pbvHvcv1ffWdwWakU9iSkNuaHBI=",
      "System.Net.HttpListener.dll": "sha256-IEHvDp\/+nHYhuCbjXXAuX7s1XVLKathRToWFx4m+C48=",
      "System.Net.Mail.dll": "sha256-ZZKMspBJ6iL9MhcG+G9I02lxSvU59Oehx3ra\/4sJJdw=",
      "System.Net.NetworkInformation.dll": "sha256-i5Ga8rY8hSekSQnxMtORv6pDOkSMJ0AHLWCk38sxqRY=",
      "System.Net.Primitives.dll": "sha256-3VCb0CPLVVreCq5vmPMF96BcSdnsTqh4cmX1XIKApl4=",
      "System.Net.Requests.dll": "sha256-eyeunIyYW28JB60jyiaeNaWwsBKss1IN4PRcnSRmqtE=",
      "System.Net.Security.dll": "sha256-0OquQ4LaVAUQZST08kSi3nuIrlnLruiBT\/tw1eSjB0E=",
      "System.Net.Sockets.dll": "sha256-dkrkx17GgK7VN\/w6Cme\/0CTUyQIkmIFZ3MoI39c6eXs=",
      "System.Net.WebClient.dll": "sha256-pZtvgcEJjgahxsB8UVnoK3eSjnVoIB0jz+wJo\/7FZKk=",
      "System.Net.WebSockets.Client.dll": "sha256-NFvBhobuvgkex2QeoLRuC38pQncgodsEnnRfn2fF3w0=",
      "System.Net.WebSockets.dll": "sha256-6w5auRUlpG+gwKATSJvV0IPPumQwU2Pobf7tnayNE1Q=",
      "System.ObjectModel.dll": "sha256-xv0HE4w64wbPci1Rv3ql+RH4dMKID47gIbRJwoQ+Le4=",
      "System.Private.CoreLib.dll": "sha256-f+ayFNxyW8xN51yRzoMFQYX8dZFlIHaQvhRR3iXK7Qg=",
      "System.Private.Uri.dll": "sha256-rbbZ3BpW3kTy3vC6l7+qZguYNcL4k7G4\/JSNWaTCJKY=",
      "System.Private.Xml.dll": "sha256-NxEocTdkMvjWe7Isn4mQ3vo3YoAwAuLftWsriPJPhbk=",
      "System.Private.Xml.Linq.dll": "sha256-fXfhbkK7zUP67mhFFDS2LjvJpAPrd1WswP1gEDDhNYA=",
      "System.Reflection.Emit.ILGeneration.dll": "sha256-0q0V9xxaBrpeEkTy3NEKn4n22Bd6T944V3hyHCqr05I=",
      "System.Reflection.Emit.Lightweight.dll": "sha256-L\/lMC+g6w6sfawef\/uYzq024bjdhHxpEf8A0yvmDhqA=",
      "System.Reflection.Primitives.dll": "sha256-7\/kMNGmdUzT3M\/08Zu6AjXFTTXpinoFrI\/j9Ltkyovk=",
      "System.Runtime.dll": "sha256-I1d9EJa8ePbr3kWxXKT\/2rjDd7pQhH\/WZujpCLmdaYM=",
      "System.Runtime.InteropServices.dll": "sha256-sLjW119BKOjkTXswKHHgY3PJ03E1qUVo5Xj7ftXaXOc=",
      "System.Runtime.InteropServices.JavaScript.dll": "sha256-RKHoiSF5OmdMv1L6ZvGxjWkug7Z34dNUq2wjYNEbsGg=",
      "System.Runtime.InteropServices.RuntimeInformation.dll": "sha256-9IaxlDVnrlcO4FwS\/Z\/bDtMIX05A60RJfwAorc6D9iU=",
      "System.Runtime.Numerics.dll": "sha256-Ty5s5H6MlJqU34kBINphLRomCdxStTSqUbjOyF+Xobw=",
      "System.Runtime.Serialization.Formatters.dll": "sha256-5Lg2J1U72tbVaJhow2LHZMy0gAHs9F2Mv\/zhVklRKRs=",
      "System.Runtime.Serialization.Primitives.dll": "sha256-HdqLHM6RYU7izbjSKMj41Cc9qmuT6kNg0mGRaoLPRBk=",
      "System.Security.AccessControl.dll": "sha256-WACIIlR2Rl1GhmV8qvikb8Lhg+0tRduiNKKKJyL\/Kms=",
      "System.Security.Claims.dll": "sha256-uUeRC7\/+yT0EHfaIo\/2a0GMWFjCvcpmLolLUezwZBTw=",
      "System.Security.Cryptography.Algorithms.dll": "sha256-\/CFcajiXt31FfGa8aHGTVJ7kgE3Pdm5iVtUelIrfkIk=",
      "System.Security.Cryptography.Cng.dll": "sha256-PLr4A0UPvuXrxDE+OknEfPkQccdLY\/DKt5RrtKz1w0M=",
      "System.Security.Cryptography.Csp.dll": "sha256-DLVevem6\/vaLw8RAnn0Hw79mK64piJG4GQrS8ZC3\/js=",
      "System.Security.Cryptography.dll": "sha256-oBMC5MVy+vvCc\/tarF6Ra6HMfBR2F5vQDBZE59uajVA=",
      "System.Security.Cryptography.Encoding.dll": "sha256-ghgGQLCK0lCEpNYYNbEX1MVIDEnUAehPBf+We+iFNvs=",
      "System.Security.Cryptography.Primitives.dll": "sha256-pAORRSgt533Ey+E+QFEB+562ZoJJjsM1g8yebL0n1\/U=",
      "System.Security.Cryptography.ProtectedData.dll": "sha256-9HOdkKoLAhOsl4fcltIQGdK6x+HSr3GTmgNgKHN\/HII=",
      "System.Security.Cryptography.X509Certificates.dll": "sha256-Z65QMsNFkpsWZ40djiuJPapRtlFPhYMVFEkE7Mk839M=",
      "System.Security.Principal.Windows.dll": "sha256-7JY1ab3z3thvO4zUXhqqEWwVbbUMpqruidp\/O\/\/fA9o=",
      "System.Text.Encoding.Extensions.dll": "sha256-YGxmNFshQ37etBz+KbxiPtC2epOhQOeZr5CyU2wBZck=",
      "System.Text.Encodings.Web.dll": "sha256-\/Ak2ftSYs4c7NlJAqHYcZC2b\/UX04h1Uulflx079y0k=",
      "System.Text.Json.dll": "sha256-emOFoUl8IXgnw7jo+AXTxUK+\/i0\/ngNpXwgPgfEFt7Q=",
      "System.Text.RegularExpressions.dll": "sha256-QyYTjDJZ6uOygT0sdwR8\/aejJ2OZxKF3UKND91osbC8=",
      "System.Threading.Channels.dll": "sha256-JGjHV0tvfbORnan7eHrJJYcHZDQAiU+XP2usrqvkx8o=",
      "System.Threading.dll": "sha256-JGPEj7acQ6pbRwXESMKRzRYkLSoA6QU0w5t4Qsuc7vo=",
      "System.Threading.Tasks.Extensions.dll": "sha256-Va6ayErMhBNArEBjtKfd\/cWIGbdM1vzHDVrLn6+IDnY=",
      "System.Threading.Thread.dll": "sha256-3VmJaOZuVUahfT92g3Et4Z31BLogMRv8doHjTHa7EYo=",
      "System.Transactions.Local.dll": "sha256-r6Yx70otmwQkQMhg9Jq35N4fp5pPrsExjIroenX\/GrE=",
      "System.Web.HttpUtility.dll": "sha256-HdHRme3\/xH6DAeSdGqhKH5+A5haE1kL+qndi0jH9668=",
      "System.Xml.Linq.dll": "sha256-LGbLtRpm5gNLaoMAaEc5V\/IGOTHP6zxIfXJB6OpJpPY=",
      "System.Xml.ReaderWriter.dll": "sha256-TjSg0yUrxTngG5S67PrIM6kfcqK2KrIpT9ZHsh4679w=",
      "System.Xml.XDocument.dll": "sha256-4XKOV4uozI499FGtZxq0WrCm3nCJ\/jSzCrfu\/zSPok0=",
      "System.Xml.XmlSerializer.dll": "sha256-LfZtd8HCrq9ZC+OHKs0F7HOiEdF8X6ITx90c52xkhHI="
    },
    "extensions": null,
    "lazyAssembly": null,
    "libraryInitializers": null,
    "pdb": null,
    "runtime": {
      "dotnet.7.0.17.0bvh9322ug.js": "sha256-E0n6hbqoR0T+sf5KQWRykPOVHyupoVmuMAlrNdZv\/58=",
      "dotnet.timezones.blat": "sha256-GzDmKQksbAkzNe1GNrGcVtpc0naGXOFCpUzq3c\/pV+c=",
      "dotnet.wasm": "sha256-1TzlpjpPBcQyKkN7jig5gOYq5W2IUnBtke91iD7\/Kt0=",
      "icudt_CJK.dat": "sha256-SZLtQnRc0JkwqHab0VUVP7T3uBPSeYzxzDnpxPpUnHk=",
      "icudt_EFIGS.dat": "sha256-8fItetYY8kQ0ww6oxwTLiT3oXlBwHKumbeP2pRF4yTc=",
      "icudt_no_CJK.dat": "sha256-L7sV7NEYP37\/Qr2FPCePo5cJqRgTXRwGHuwF5Q+0Nfs=",
      "icudt.dat": "sha256-tO5O5YzMTVSaKBboxAqezOQL9ewmupzV2JrB5Rkc8a4="
    },
    "runtimeAssets": {
      "dotnet.wasm": {
        "behavior": "dotnetwasm",
        "hash": "sha256-1TzlpjpPBcQyKkN7jig5gOYq5W2IUnBtke91iD7\/Kt0="
      }
    },
    "satelliteResources": {
      "nl": {
        "nl\/PdfiumViewer.resources.dll": "sha256-ZCZVDasJn1Wllz3\/QEmIpE2A0JcKuj8hT67j06OhlE4="
      }
    }
  }
}